{
  "S_Det": 0.7137254428850474,
  "S_Loc": 0.2652493250449517,
  "S_Sim": 0.707685649394989,
  "S_Auto": 0.0,
  "S_Exp": 0.3538428246974945,
  "S_Fin": 0.4936416279687576,
  "details": {
    "detection": {
      "f1": 0.7137254428850474,
      "precision": 0.957894735833795,
      "recall": 0.5687499996445313,
      "accuracy": 0.6349999996825
    },
    "grounding": {
      "pixel_f1": 0.2652493250449517,
      "n_forged": 160
    },
    "similarity": {
      "bertscore_f1": 0.707685649394989,
      "n_pairs": 200
    },
    "automatic": {
      "s_auto": 0.0,
      "skipped": true
    }
  }
}