{
  "S_Det": 0.8876403994508296,
  "S_Loc": 0.4113854465220362,
  "S_Sim": 0.7180355787277222,
  "S_Auto": 0.0,
  "S_Exp": 0.3590177893638611,
  "S_Fin": 0.6099898781925407,
  "details": {
    "detection": {
      "f1": 0.8876403994508296,
      "precision": 0.806122448568305,
      "recall": 0.9874999993828125,
      "accuracy": 0.7999999996
    },
    "grounding": {
      "pixel_f1": 0.4113854465220362,
      "n_forged": 160
    },
    "similarity": {
      "bertscore_f1": 0.7180355787277222,
      "n_pairs": 200
    },
    "automatic": {
      "s_auto": 0.0,
      "skipped": true
    }
  }
}