{
  "S_Det": 0.9845200732337153,
  "S_Loc": 0.8735068532176958,
  "S_Sim": 0.755190908908844,
  "S_Auto": 0.8582000000000001,
  "S_Exp": 0.806695454454422,
  "S_Fin": 0.9034193825959225,
  "details": {
    "detection": {
      "f1": 0.9845200732337153,
      "precision": 0.9754601221009448,
      "recall": 0.9937499993789063,
      "accuracy": 0.9749999995125
    },
    "grounding": {
      "pixel_f1": 0.8735068532176958,
      "n_forged": 160
    },
    "similarity": {
      "bertscore_f1": 0.755190908908844,
      "n_pairs": 200
    },
    "automatic": {
      "s_auto": 0.8582000000000001,
      "n_scored": 200,
      "cache_path": "cache/qwen_rubric_scores.json"
    }
  }
}